Date,Open,Low,High,Close,Adj close,Volume,% Change (24 hours),
2019-03-03,3842.93,3821.87,3853.28,3828.73,3828.73,2.07152e+07,-0.382988,
2019-03-02,3831.48,3790.74,3846.38,3843.45,3843.45,7.36098e+07,0.312411,
2019-03-01,3823.37,3822.67,3866.12,3831.48,3831.48,1.01775e+08,0.212113,
2019-02-28,3830.72,3798,3909.86,3823.37,3823.37,1.70647e+08,-0.191866,
2019-02-27,3817.88,3699.53,3851.84,3830.72,3830.72,1.75069e+08,0.336315,
2019-02-26,3845.51,3791.9,3852.66,3817.88,3817.88,1.26869e+08,-0.718504,
2019-02-25,3771.62,3771.53,3885.06,3845.51,3845.51,1.85037e+08,1.9591,
2019-02-24,4149.09,3755.38,4221.62,3771.62,3771.62,3.19072e+08,-9.09765,
2019-02-23,3983.53,3948.48,4192.39,4149.09,4149.09,2.31175e+08,4.15611,
2019-02-22,3937.04,3917.66,3996.15,3983.53,3983.53,1.70405e+08,1.18084,
2019-02-21,3974.05,3900.28,4026.54,3937.04,3937.04,1.87314e+08,-0.931292,
2019-02-20,3924.24,3898.91,3992.31,3974.05,3974.05,2.09282e+08,1.26929,
2019-02-19,3912.57,3882.52,4010.91,3924.24,3924.24,2.92137e+08,0.298267,
2019-02-18,3670.92,3661.42,3952.44,3912.57,3912.57,3.76203e+08,6.58282,
2019-02-17,3617.24,3608.18,3706.17,3670.92,3670.92,1.34218e+08,1.484,
2019-02-16,3593.49,3592.04,3639.75,3617.24,3617.24,8.69738e+07,0.660917,
2019-02-15,3588.72,3575.95,3640.65,3593.49,3593.49,1.30399e+08,0.132917,
2019-02-14,3605.87,3567.39,3619.7,3588.72,3588.72,1.17805e+08,-0.475617,
2019-02-13,3617.41,3590.01,3655.89,3605.87,3605.87,1.46822e+08,-0.319007,
2019-02-12,3611.34,3574.22,3648.67,3617.41,3617.41,1.64816e+08,0.168077,
2019-02-11,3685.14,3608.18,3688.59,3611.34,3611.34,1.46354e+08,-2.00263,
2019-02-10,3652.26,3611.46,3689.32,3685.14,3685.14,1.09365e+08,0.900261,
2019-02-09,3660.03,3616.11,3673.71,3652.26,3652.26,9.42006e+07,-0.212294,
2019-02-08,3375.33,3363.32,3735.1,3660.03,3660.03,3.17023e+08,8.43473,
2019-02-07,3394.89,3369.1,3406.54,3375.33,3375.33,9.73909e+07,-0.576155,
2019-02-06,3447.66,3362.24,3459.33,3394.89,3394.89,1.50409e+08,-1.5306,
2019-02-05,3431.24,3415.67,3447.88,3447.66,3447.66,8.40427e+07,0.478542,
2019-02-04,3449.62,3429.21,3470.8,3431.24,3431.24,8.22809e+07,-0.532816,
2019-02-03,3508.68,3424.42,3514.43,3449.62,3449.62,7.95912e+07,-1.68325,
2019-02-02,3461.63,3441.21,3519.14,3508.68,3508.68,9.41442e+07,1.35919,
2019-02-01,3434.13,3398.96,3478.55,3461.63,3461.63,1.44476e+08,0.800785,
2019-01-31,3467.21,3422.83,3499.78,3434.13,3434.13,1.28774e+08,-0.954083,
2019-01-30,3418.25,3395.94,3488.91,3467.21,3467.21,1.46422e+08,1.43231,
2019-01-29,3453.42,3369.19,3463.2,3418.25,3418.25,1.58107e+08,-1.01841,
2019-01-28,3565.08,3402.56,3567.56,3453.42,3453.42,2.0631e+08,-3.13205,
2019-01-27,3596.5,3511.29,3605.99,3565.08,3565.08,9.37661e+07,-0.873625,
2019-01-26,3582.89,3578.62,3676.4,3596.5,3596.5,1.05927e+08,0.379864,
2019-01-25,3598.52,3539.41,3607.43,3582.89,3582.89,1.16675e+08,-0.434349,
2019-01-24,3572.05,3546.5,3616.33,3598.52,3598.52,1.13155e+08,0.74103,
2019-01-23,3602.04,3543.96,3631.15,3572.05,3572.05,1.35864e+08,-0.832583,
2019-01-22,3571.92,3473.77,3635.69,3602.04,3602.04,1.91355e+08,0.843247,
2019-01-21,3567.73,3535.19,3599.83,3571.92,3571.92,1.29001e+08,0.11744,
2019-01-20,3729.78,3529.25,3754.65,3567.73,3567.73,1.77629e+08,-4.34476,
2019-01-19,3648.05,3643.01,3799.62,3729.78,3729.78,1.43238e+08,2.24037,
2019-01-18,3685.3,3620.44,3685.39,3648.05,3648.05,1.18318e+08,-1.01077,
2019-01-17,3643.99,3586.92,3695.28,3685.3,3685.3,1.68288e+08,1.13365,
2019-01-16,3621.24,3611.38,3704.37,3643.99,3643.99,1.96212e+08,0.628238,
2019-01-15,3703.9,3590.49,3724.3,3621.24,3621.24,1.98582e+08,-2.2317,
2019-01-14,3551.24,3544.53,3748.88,3703.9,3703.9,2.04793e+08,4.29878,
2019-01-13,3664.38,3528.24,3675.2,3551.24,3551.24,1.64125e+08,-3.08756,
2019-01-12,3669.2,3611.2,3692.12,3664.38,3664.38,1.03913e+08,-0.131366,
2019-01-11,3668.15,3616.41,3729.69,3669.2,3669.2,2.31465e+08,0.0286261,
2019-01-10,4048.34,3631.07,4085.09,3668.15,3668.15,4.12522e+08,-9.39126,
2019-01-09,4040.75,4013,4092.91,4048.34,4048.34,2.23639e+08,0.187839,
2019-01-08,4050.4,3990.34,4156.16,4040.75,4040.75,2.68091e+08,-0.238246,
2019-01-07,4102.85,4001.35,4132.62,4050.4,4050.4,2.09289e+08,-1.27838,
2019-01-06,3855.39,3829.09,4145.16,4102.85,4102.85,2.36298e+08,6.41855,
2019-01-05,3874.06,3841.13,3926.92,3855.39,3855.39,1.39439e+08,-0.481928,
2019-01-04,3835.86,3783.88,3901.65,3874.06,3874.06,1.70508e+08,0.995864,
2019-01-03,3961.01,3778.76,3965.52,3835.86,3835.86,1.76488e+08,-3.15955,
2019-01-02,3880.15,3826.29,3989.59,3961.01,3961.01,2.10855e+08,2.08394,
2019-01-01,3747.39,3696.94,3938.75,3880.15,3880.15,1.70598e+08,3.54273,
2018-12-31,3896.21,3701.48,3904.28,3747.39,3747.39,2.0619e+08,-3.81961,
2018-12-30,3797.06,3760.8,3925.18,3896.21,3896.21,1.91958e+08,2.61123,
2018-12-29,3947.86,3774.38,4004.14,3797.06,3797.06,2.14891e+08,-3.81979,
2018-12-28,3646.09,3628.43,4007.71,3947.86,3947.86,3.53705e+08,8.27654,
2018-12-27,3848.78,3622.39,3888.92,3646.09,3646.09,3.05729e+08,-5.26634,
2018-12-26,3834.73,3746.86,3923.93,3848.78,3848.78,2.6344e+08,0.36639,
2018-12-25,4081.95,3734.85,4094.61,3834.73,3834.73,3.67201e+08,-6.05642,
2018-12-24,4007.63,4006.6,4303.37,4081.95,4081.95,4.5929e+08,1.85446,
2018-12-23,4045.24,3972.39,4117.65,4007.63,4007.63,2.35998e+08,-0.929737,
2018-12-22,3898.81,3849.23,4060.34,4045.24,4045.24,2.50086e+08,3.75576,
2018-12-21,4137.66,3831.2,4247.71,3898.81,3898.81,5.16657e+08,-5.77259,
2018-12-20,3736.54,3712.82,4225.52,4137.66,4137.66,7.24855e+08,10.7351,
2018-12-19,3715.85,3693.57,3969.7,3736.54,3736.54,6.20695e+08,0.556802,
2018-12-18,3548.19,3481.46,3727.99,3715.85,3715.85,3.27808e+08,4.72523,
2018-12-17,3255.37,3239.06,3639.65,3548.19,3548.19,4.12455e+08,8.99498,
2018-12-16,3232.51,3227.4,3319.83,3255.37,3255.37,1.48183e+08,0.707194,
2018-12-15,3235.48,3169.53,3271.76,3232.51,3232.51,1.65379e+08,-0.0917938,
2018-12-14,3305.11,3180.97,3333.24,3235.48,3235.48,2.90985e+08,-2.10674,
2018-12-13,3485.59,3272.81,3493.76,3305.11,3305.11,2.86237e+08,-5.17789,
2018-12-12,3401.02,3380.48,3545.37,3485.59,3485.59,2.57294e+08,2.48661,
2018-12-11,3467.16,3348.98,3483.58,3401.02,3401.02,2.30672e+08,-1.90761,
2018-12-10,3592.84,3416.77,3645.49,3467.16,3467.16,2.8712e+08,-3.49807,
2018-12-09,3461.07,3436.5,3718.58,3592.84,3592.84,2.95321e+08,3.8072,
2018-12-08,3420.57,3295.21,3602.49,3461.07,3461.07,3.57549e+08,1.18401,
2018-12-07,3485.18,3248,3576.11,3420.57,3420.57,6.99931e+08,-1.85385,
2018-12-06,3737.53,3467.92,3883.43,3485.18,3485.18,5.90924e+08,-6.75179,
2018-12-05,3948.44,3719.19,3961.8,3737.53,3737.53,3.20944e+08,-5.3416,
2018-12-04,3871.41,3770.92,4082.68,3948.44,3948.44,3.73361e+08,1.98972,
2018-12-03,4143.86,3795.18,4159.01,3871.41,3871.41,4.23985e+08,-6.57479,
2018-12-02,4197.7,4077.67,4318.79,4143.86,4143.86,2.62155e+08,-1.27697,
2018-12-01,4009.67,3942.62,4309.65,4197.46,4197.46,2.80928e+08,4.68343,
2018-11-30,4286.85,3916.3,4331.07,4009.67,4009.67,4.97763e+08,-6.46233,
2018-11-29,4263.52,4130.68,4444.39,4286.69,4286.69,4.79575e+08,0.542743,
2018-11-28,3822.99,3822.94,4398.57,4263.55,4263.55,7.26809e+08,11.524,
2018-11-27,3784.77,3613.11,3878.9,3822.99,3822.99,5.55212e+08,1.01464,
2018-11-26,4004.46,3598.81,4124.7,3784.59,3784.59,7.15342e+08,-5.48331,
2018-11-25,3854.11,3550.04,4165.93,4004.15,4004.15,8.19869e+08,3.89298,
2018-11-24,4343.42,3741.2,4432,3854.11,3854.11,5.03028e+08,-11.2655,
2018-11-23,4320.68,4157.19,4419.48,4343.42,4343.42,5.21826e+08,0.5263,
2018-11-22,4593.04,4297.21,4640.72,4320.68,4320.68,3.76853e+08,-5.92984,
2018-11-21,4441.81,4315.58,4689.55,4593.04,4593.04,6.86285e+08,3.40469,
2018-11-20,4809.62,4168.25,4953.56,4441.81,4441.81,1.4334e+09,-7.64738,
2018-11-19,5615.26,4757.01,5615.98,4809.62,4809.62,1.07204e+09,-14.3473,
2018-11-18,5567.95,5567.95,5701.35,5615.26,5615.26,2.33409e+08,0.831753,
2018-11-17,5586.97,5524.7,5602.01,5568.94,5568.94,1.64182e+08,-0.310226,
2018-11-16,5647.5,5487.87,5676.54,5586.27,5586.27,3.97196e+08,-1.0842,
2018-11-15,5740.51,5300.75,5767.06,5647.5,5647.5,8.20864e+08,-1.63669,
2018-11-14,6339.17,5469.93,6375.7,5741.47,5741.47,1.04547e+09,-9.42867,
2018-11-13,6375.08,6315.58,6389.43,6339.17,6339.17,2.2769e+08,-0.563289,
2018-11-12,6408.18,6350.87,6435.41,6375.08,6375.08,1.81576e+08,-0.516529,
2018-11-11,6396.39,6326.38,6414.18,6408.18,6408.18,1.30156e+08,0.184637,
2018-11-10,6377.99,6376.17,6419.92,6396.37,6396.37,9.43133e+07,0.288177,
2018-11-09,6446.06,6352.45,6457.97,6377.99,6377.99,2.37893e+08,-1.05599,
2018-11-08,6530.94,6438.27,6542.42,6446.06,6446.06,2.73205e+08,-1.28062,
2018-11-07,6479.72,6476.59,6562.79,6529.68,6529.68,3.60053e+08,0.77102,
2018-11-06,6433.53,6412.56,6482.81,6479.72,6479.72,2.39808e+08,0.71467,
2018-11-05,6467.05,6406.69,6475.8,6433.74,6433.74,1.55759e+08,-0.515066,
2018-11-04,6376.55,6351.92,6498.16,6467.05,6467.05,1.75805e+08,1.42292,
2018-11-03,6394.65,6336.96,6398.09,6376.32,6376.32,1.83565e+08,-0.286807,
2018-11-02,6381.3,6371.57,6420.93,6394.66,6394.66,1.79386e+08,0.209367,
2018-11-01,6342.81,6322.6,6402.59,6381.3,6381.3,1.99861e+08,0.61,
2018-10-31,6309.11,6241.49,6391.25,6342.61,6342.61,2.45357e+08,0.530978,
2018-10-30,6314.38,6286.3,6340.68,6309.11,6309.11,2.69592e+08,-0.0760273,
2018-10-29,6470.74,6282.58,6483.39,6313.91,6313.91,3.42464e+08,-2.42368,
2018-10-27,6470.17,6444.74,6483.24,6470.74,6470.74,1.09118e+08,0.00881448,
2018-10-26,6457.21,6445.95,6479,6470.17,6470.17,1.24066e+08,0.200705,
2018-10-25,6462.77,6441.81,6514,6457.21,6457.21,2.15448e+08,-0.0860321,
2018-10-24,6476.52,6432.3,6497.9,6462.77,6462.77,2.31215e+08,-0.208145,
2018-10-23,6470.63,6465.73,6538.35,6476.25,6476.25,2.22068e+08,0.0931929,
2018-10-22,6484.32,6438.99,6496.2,6470.22,6470.22,2.20913e+08,-0.200668,
2018-10-21,6509.87,6460.38,6531.23,6483.23,6483.23,2.02767e+08,-0.409227,
2018-10-20,6490.6,6474.47,6557.39,6509.87,6509.87,1.05284e+08,0.29751,
2018-10-19,6469.28,6395.45,6645.2,6490.56,6490.56,1.27186e+08,0.328943,
2018-10-18,6489.37,6449.36,6503.09,6469.28,6469.28,2.37855e+08,-0.299603,
2018-10-17,6576.4,6445.05,6616.27,6488.72,6488.72,3.31761e+08,-1.30504,
2018-10-16,6583.05,6511.6,6589.2,6574.52,6574.52,2.20419e+08,-0.129572,
2018-10-15,6612.69,6545.54,6724.91,6583.05,6583.05,3.24233e+08,-0.443262,
2018-10-14,6277.73,6244.77,7234.83,6612.36,6612.36,1.19052e+09,5.33043,
2018-10-13,6267.27,6247.17,6346.56,6277.73,6277.73,2.15423e+08,0.166898,
2018-10-12,6252.1,6238.92,6280.73,6267.27,6267.27,1.37705e+08,0.262683,
2018-10-11,6209.47,6173.86,6296.56,6250.85,6250.85,2.8984e+08,0.6664,
2018-10-10,6581.07,6171.95,6581.59,6209.47,6209.47,6.54924e+08,-5.64649,
2018-10-09,6631.79,6487.86,6633.22,6581.07,6581.07,3.23665e+08,-0.764804,
2018-10-08,6650.07,6589.39,6657,6631.79,6631.79,2.13977e+08,-0.274881,
2018-10-07,6601.46,6565.01,6698.31,6650.07,6650.07,3.13507e+08,0.741082,
2018-10-06,6589.94,6535.02,6622.49,6601.15,6601.15,1.79379e+08,0.170107,
2018-10-05,6632.88,6563.25,6637.08,6589.94,6589.94,1.62722e+08,-0.647234,
2018-10-04,6580,6546.98,6683.55,6632.87,6632.87,2.62562e+08,0.806714,
2018-10-03,6492.61,6486.86,6622.32,6579.79,6579.79,2.77614e+08,1.34823,
2018-10-02,6525.46,6428.98,6537.07,6492.26,6492.26,3.06385e+08,-0.508936,
2018-10-01,6594.98,6478.04,6618.95,6525.47,6525.47,2.67166e+08,-1.05398,
2018-09-30,6623.82,6510.54,6662.6,6594.98,6594.98,2.5696e+08,-0.433745,
2018-09-29,6603.75,6543.68,6741.96,6623.71,6623.71,1.74302e+08,0.302252,
2018-09-28,6635.4,6474.23,6635.42,6603.75,6603.75,2.45055e+08,-0.476685,
2018-09-27,6686.13,6545.41,6806.1,6635.38,6635.38,4.97341e+08,-0.759034,
2018-09-26,6462.6,6434.76,6733.94,6686.13,6686.13,3.45097e+08,3.45882,
2018-09-25,6437.74,6383.16,6543.92,6462.6,6462.6,2.64403e+08,0.386158,
2018-09-24,6583.53,6333.21,6583.54,6437.74,6437.74,4.20279e+08,-2.21446,
2018-09-23,6702.73,6557.82,6717.6,6583.53,6583.53,3.24661e+08,-1.77795,
2018-09-22,6716.6,6663.9,6768.56,6702.7,6702.7,1.6908e+08,-0.206948,
2018-09-21,6762.07,6633.01,6834.49,6716.6,6716.6,2.61159e+08,-0.67228,
2018-09-20,6505.97,6501.01,6785.22,6762.06,6762.06,5.69643e+08,3.93735,
2018-09-19,6398.83,6361.33,6551.93,6505.9,6505.9,3.0162e+08,1.67375,
2018-09-18,6346.44,6131.02,6522.9,6398.8,6398.8,4.52379e+08,0.825027,
2018-09-17,6261.33,6238.25,6393.39,6346.44,6346.44,3.48486e+08,1.35687,
2018-09-16,6502.44,6216.83,6538.82,6261.48,6261.48,3.99676e+08,-3.70569,
2018-09-15,6522.68,6404.31,6525.05,6502.44,6502.44,2.00546e+08,-0.301133,
2018-09-14,6485.39,6473.47,6573.19,6522.08,6522.08,2.0835e+08,0.556125,
2018-09-13,6492.17,6393.84,6591.59,6486.01,6486.01,3.77989e+08,-0.092271,
2018-09-12,6337.08,6337.08,6534.89,6492,6492,4.25091e+08,2.44418,
2018-09-11,6295.54,6208.28,6357.89,6337.11,6337.11,3.32537e+08,0.660306,
2018-09-10,6324.43,6199.19,6415.51,6295.54,6295.54,3.24513e+08,-0.456802,
2018-09-09,6249.07,6247.64,6371.42,6324.43,6324.43,3.20435e+08,1.20595,
2018-09-08,6200.23,6161.83,6451.25,6249.07,6249.07,2.444e+08,0.788845,
2018-09-07,6413.12,6134.76,6480.57,6200.16,6200.16,3.1738e+08,-3.30048,
2018-09-06,6515.42,6345.48,6549.39,6411.78,6411.78,3.44487e+08,-1.59069,
2018-09-05,6705.06,6295.11,6727.19,6515.42,6515.42,8.23309e+08,-2.82788,
2018-09-04,7369.89,6694.06,7401.43,6705.03,6705.03,7.97851e+08,-9.02093,
2018-09-03,7270.05,7246.76,7417.65,7369.86,7369.86,3.43762e+08,1.37289,
2018-09-02,7301.25,7204.89,7350.58,7270.05,7270.05,3.09328e+08,-0.42746,
2018-09-01,7203.46,7144.71,7384.38,7301.26,7301.26,4.47453e+08,1.35768,
2018-08-31,7026.96,7025.58,7272.03,7203.46,7203.46,3.00302e+08,2.51175,
2018-08-30,6998.76,6903.08,7096.73,7026.96,7026.96,3.49131e+08,0.402931,
2018-08-29,7051.61,6818.69,7072.64,6998.76,6998.76,4.25476e+08,-0.754966,
2018-08-28,7091.38,6944.76,7137.47,7052,7052,3.56139e+08,-0.55532,
2018-08-27,6915.92,6877.2,7136.71,7091.38,7091.38,4.8779e+08,2.53986,
2018-08-26,6720.6,6674.84,6944.21,6915.73,6915.73,4.05769e+08,2.90346,
2018-08-25,6749.71,6588.48,6793.17,6720.6,6720.6,2.65821e+08,-0.429064,
2018-08-24,6708.94,6684.19,6808.89,6749.56,6749.56,2.58297e+08,0.605162,
2018-08-23,6539.13,6481.76,6736.83,6708.96,6708.96,3.82457e+08,2.59996,
2018-08-22,6366.14,6356.96,6575.28,6538.95,6538.95,3.40811e+08,2.71468,
2018-08-21,6491.09,6264.34,6890.79,6366.13,6366.13,7.64005e+08,-1.9254,
2018-08-20,6270.09,6259.81,6506.69,6491.11,6491.11,3.96746e+08,3.52813,
2018-08-19,6502.24,6248.39,6537.54,6269.9,6269.9,3.97981e+08,-3.57234,
2018-08-18,6405.74,6330.56,6560.88,6502.18,6502.18,2.53985e+08,1.506,
2018-08-17,6591.18,6322.44,6622.16,6405.71,6405.71,3.36744e+08,-2.81362,
2018-08-16,6323.81,6300.45,6594.72,6591.16,6591.16,4.77089e+08,4.22767,
2018-08-15,6274.22,6217.33,6478.07,6323.81,6323.81,4.54679e+08,0.790375,
2018-08-14,6199.63,6193.63,6620.07,6274.22,6274.22,8.52103e+08,1.20363,
2018-08-13,6263.2,5891.87,6266.5,6199.6,6199.6,7.59848e+08,-1.01546,
2018-08-12,6322.41,6157.03,6545.02,6263.2,6263.2,4.52432e+08,-0.944496,
2018-08-11,6242.53,6176.89,6483.39,6322.92,6322.92,3.6646e+08,1.28762,
2018-08-10,6152.95,6014.26,6488.55,6242.54,6242.54,5.45723e+08,1.44846,
2018-08-09,6543.25,6025.91,6582.14,6153.41,6153.41,6.39457e+08,-5.95775,
2018-08-08,6285.06,6195.02,6631.23,6543.24,6543.24,5.75748e+08,4.1085,
2018-08-07,6723.29,6133.03,6723.99,6285.02,6285.02,8.38854e+08,-6.51757,
2018-08-06,6945.77,6685.02,7150.86,6723.21,6723.21,5.7569e+08,-3.20439,
2018-08-05,7042.57,6854.79,7160.4,6945.78,6945.78,4.10408e+08,-1.37184,
2018-08-04,7017.89,6898.31,7092.53,7042.39,7042.39,3.68914e+08,0.349108,
2018-08-03,7417.6,6940.15,7490.89,7017.89,7017.89,5.34003e+08,-5.38867,
2018-08-02,7542.34,7296.76,7542.49,7417.6,7417.6,5.86983e+08,-1.65386,
2018-08-01,7610.9,7470.86,7713.32,7542.34,7542.34,4.24094e+08,-0.900814,
2018-07-31,7736.25,7449.31,7760.74,7610.9,7610.9,5.95405e+08,-1.60821,
2018-07-30,8176.08,7663.7,8176.27,7735.3,7735.3,7.65186e+08,-5.39086,
2018-07-29,8216.7,7867.44,8273.61,8176.06,8176.06,6.81121e+08,-0.495574,
2018-07-28,8230.82,8123.53,8291.55,8216.78,8216.78,2.80233e+08,-0.171183,
2018-07-27,8182.88,8070.04,8238.04,8230.87,8230.87,2.95872e+08,0.586345,
2018-07-26,7937.1,7806.25,8278.01,8182.89,8182.89,6.46256e+08,3.09478,
2018-07-25,8170.37,7862.67,8302.24,7937.25,7937.25,6.43954e+08,-2.85157,
2018-07-24,8395.81,8061.07,8481.11,8170.23,8170.23,7.36531e+08,-2.68694,
2018-07-23,7718,7692.16,8485.71,8395.82,8395.82,1.16656e+09,8.78233,
2018-07-22,7398.64,7376.66,7798.59,7718,7718,7.45533e+08,4.31647,
2018-07-21,7405.4,7345.25,7569.28,7398.64,7398.64,3.55565e+08,-0.0912816,
2018-07-20,7333.93,7220.37,7453.07,7405.4,7405.4,2.9744e+08,0.974508,
2018-07-19,7477.1,7279.34,7676.55,7333.93,7333.93,6.03034e+08,-1.92002,
2018-07-18,7383.39,7289.9,7563.7,7477.5,7477.5,5.22544e+08,1.27462,
2018-07-17,7326.76,7253.71,7590.65,7383.39,7383.39,7.88461e+08,0.773745,
2018-07-16,6740.54,6677.56,7476.24,7326.7,7326.7,7.99401e+08,8.69588,
2018-07-15,6364.26,6349.83,6761.84,6740.55,6740.55,4.94265e+08,5.91255,
2018-07-14,6268.32,6245.75,6401.5,6364.26,6364.26,2.18543e+08,1.52359,
2018-07-13,6229.61,6190.18,6332.46,6268.75,6268.75,1.74417e+08,0.624735,
2018-07-12,6253.66,6131.54,6349.21,6229.83,6229.83,3.19802e+08,-0.380101,
2018-07-11,6394.36,6084,6394.93,6253.6,6253.6,4.09078e+08,-2.20131,
2018-07-10,6306.87,6293.68,6405.59,6394.36,6394.36,3.27668e+08,1.38754,
2018-07-09,6668.84,6277.23,6683.61,6306.85,6306.85,4.70432e+08,-5.42808,
2018-07-08,6707.46,6625.58,6803.1,6668.84,6668.84,3.28316e+08,-0.574592,
2018-07-07,6758.08,6684.15,6782.85,6707.38,6707.38,2.68455e+08,-0.750216,
2018-07-06,6602.03,6518.23,6814.42,6758.08,6758.08,2.77168e+08,2.36382,
2018-07-05,6534.81,6458.14,6633.44,6602.02,6602.02,3.1076e+08,1.02849,
2018-07-04,6589.77,6448.23,6691.32,6534.81,6534.81,4.21189e+08,-0.838384,
2018-07-03,6508.43,6411.13,6777.97,6590.06,6590.06,4.12202e+08,1.23633,
2018-07-02,6616.6,6473.48,6670.3,6509.58,6509.58,3.56391e+08,-1.60347,
2018-07-01,6342.69,5537.86,6673.71,6615.66,6615.66,4.65916e+08,4.36375,
2018-06-30,6385.43,6262.72,6429.5,6339.04,6339.04,2.59708e+08,-0.725718,
2018-06-29,6203.81,6194.51,6503.33,6385.38,6385.38,4.19285e+08,2.92692,
2018-06-28,5870.81,5813.02,6286.67,6203.8,6203.8,5.54799e+08,5.6635,
2018-06-27,6141.57,5844.26,6172.23,5871.28,5871.28,3.85907e+08,-4.40099,
2018-06-26,6092.26,6021.69,6192.11,6141.57,6141.57,3.83457e+08,0.873461,
2018-06-25,6260.4,6067.49,6286.36,6088.39,6088.39,3.91397e+08,-2.74681,
2018-06-24,6157.78,6095.25,6344.45,6260.35,6260.35,4.92834e+08,1.6657,
2018-06-23,6166.36,5782.13,6254.02,6157.78,6157.78,6.67479e+08,-0.142061,
2018-06-22,6051.47,6033.2,6257.88,6166.54,6166.54,3.50697e+08,1.90152,
2018-06-21,6720.64,5941.32,6731.51,6051.47,6051.47,8.62827e+08,-9.95694,
2018-06-20,6761.27,6687.66,6790.08,6720.64,6720.64,2.95691e+08,-0.600921,
2018-06-19,6741.28,6569.96,6817.9,6761.27,6761.27,4.0053e+08,0.296535,
2018-06-18,6714.56,6672.2,6839.6,6741.28,6741.28,3.70797e+08,0.394053,
2018-06-17,6457.78,6401.41,6802.03,6714.82,6714.82,4.30242e+08,3.98032,
2018-06-16,6503.1,6446.38,6585.77,6457.78,6457.78,2.24576e+08,-0.696903,
2018-06-15,6396.71,6345.99,6569.15,6503.1,6503.1,2.32803e+08,1.6632,
2018-06-14,6643.63,6380.69,6667.23,6396.71,6396.71,3.79229e+08,-3.71128,
2018-06-13,6310.43,6286.23,6719.44,6643.26,6643.26,6.20296e+08,5.27428,
2018-06-12,6556.94,6140.63,6623,6310.43,6310.43,7.97087e+08,-3.75952,
2018-06-11,6887.43,6462.61,6888.33,6556.94,6556.94,5.09372e+08,-4.79762,
2018-06-10,6773.72,6652.89,6913.85,6887.37,6887.37,4.82788e+08,1.67781,
2018-06-09,7513.76,6661.98,7514.04,6773.72,6773.72,8.95514e+08,-9.84829,
2018-06-08,7627.56,7495.72,7691.74,7513.69,7513.69,2.18014e+08,-1.49236,
2018-06-07,7700.4,7559.5,7709.61,7627.52,7627.52,3.10119e+08,-0.942712,
2018-06-06,7661.79,7651.13,7755.92,7700.11,7700.11,3.42476e+08,0.500142,
2018-06-05,7629.4,7504.98,7701.35,7661.79,7661.79,3.96116e+08,0.424544,
2018-06-04,7503.32,7394.97,7672.7,7629.4,7629.4,4.40337e+08,1.68195,
2018-06-03,7719.73,7469.21,7760.73,7503.2,7503.2,4.27448e+08,-2.80514,
2018-06-02,7643.26,7606.76,7774.96,7719.75,7719.75,3.32313e+08,1.00075,
2018-06-01,7530.55,7467.79,7697.34,7643.26,7643.26,3.62415e+08,1.4967,
2018-05-31,7501.74,7370.27,7614.66,7530.55,7530.55,4.58688e+08,0.378557,
2018-05-30,7393.02,7349.52,7608.87,7502.15,7502.15,4.58224e+08,1.47612,
2018-05-29,7474.75,7295.78,7571.08,7393.02,7393.02,5.05871e+08,-1.09341,
2018-05-28,7118.88,7069.01,7533.03,7474.75,7474.75,6.34849e+08,4.99896,
2018-05-27,7362.23,7092.91,7455.55,7118.88,7118.88,5.26854e+08,-3.30539,
2018-05-26,7355.06,7256.67,7420.07,7362.23,7362.23,3.41348e+08,0.0974828,
2018-05-25,7475.36,7314.71,7626.69,7355.06,7355.06,3.68323e+08,-1.60928,
2018-05-24,7584.78,7347.96,7652.37,7475.36,7475.36,6.34474e+08,-1.44211,
2018-05-23,7505.77,7283.77,7729.48,7584.74,7584.74,8.26278e+08,1.05213,
2018-05-22,7992.75,7460.66,8031.63,7505.77,7505.77,9.34151e+08,-6.09277,
2018-05-21,8419.67,7962.43,8428.6,7992.75,7992.75,5.43342e+08,-5.07029,
2018-05-20,8533.22,8347.88,8585.85,8419.65,8419.65,4.63654e+08,-1.32837,
2018-05-19,8249.24,8181.46,8591.45,8533,8533,4.18898e+08,3.43983,
2018-05-18,8247.91,8160.8,8397.27,8249.24,8249.24,3.81458e+08,0.0161262,
2018-05-17,8071.04,7940.35,8280.45,8247.91,8247.91,5.58168e+08,2.19142,
2018-05-16,8342.69,8015.77,8476.45,8071.04,8071.04,6.1554e+08,-3.28038,
2018-05-15,8480.16,8119.17,8501.65,8344.78,8344.78,7.89661e+08,-1.59643,
2018-05-14,8672.88,8441.25,8848.69,8480.16,8480.16,7.3074e+08,-2.22233,
2018-05-13,8709.46,8312.72,8883,8672.9,8672.9,8.74543e+08,-0.419769,
2018-05-12,8488.07,8350.91,8773.96,8709.46,8709.46,5.25396e+08,2.62518,
2018-05-11,8420.82,8225.97,8653.8,8486.67,8486.67,7.83972e+08,0.779835,
2018-05-10,9032.22,8363.5,9032.27,8421,8421,1.17689e+09,-6.7671,
2018-05-09,9321.52,9017.13,9393.95,9032.22,9032.22,6.29851e+08,-3.09983,
2018-05-08,9196.13,8987.27,9373.46,9321.16,9321.16,6.25495e+08,1.3596,
2018-05-07,9377.08,9063.07,9472.09,9196.13,9196.13,6.73924e+08,-1.93734,
2018-05-06,9643.99,9202.13,9662.23,9377.81,9377.81,6.9258e+08,-2.76944,
2018-05-05,9846.44,9441.93,9936.96,9644.92,9644.92,6.0865e+08,-2.04126,
2018-05-04,9700.37,9687.09,9968.85,9845.9,9845.9,6.79872e+08,1.50821,
2018-05-03,9746.26,9547.21,9785.15,9699.61,9699.61,6.63888e+08,-0.466183,
2018-05-02,9232.19,9172.28,9817.19,9745.04,9745.04,8.57647e+08,5.55502,
2018-05-01,9077.28,8993.82,9271.62,9232.19,9232.19,5.27488e+08,1.70657,
2018-04-30,9248.25,8851.1,9251.66,9077.28,9077.28,6.69555e+08,-1.8508,
2018-04-29,9407.35,9133.6,9459.81,9248.45,9248.45,5.74099e+08,-1.68586,
2018-04-28,9349.94,9189.07,9552.67,9407.04,9407.04,6.40932e+08,0.594241,
2018-04-27,8938.47,8892.52,9435.9,9351.47,9351.47,7.74112e+08,4.62048,
2018-04-26,9289.01,8923.48,9385.87,8938.47,8938.47,7.58182e+08,-3.70228,
2018-04-25,8873.57,8669.38,9315.13,9282.12,9282.12,9.97428e+08,4.60353,
2018-04-24,9657.69,8757.06,9765.23,8873.62,8873.62,1.77981e+09,-8.10033,
2018-04-23,8967.86,8957.68,9741.91,9655.77,9655.77,1.27646e+09,7.66615,
2018-04-22,8823.46,8804.2,9025.73,8968.25,8968.25,5.53892e+08,1.64211,
2018-04-21,8935.85,8788.44,9043.98,8823.36,8823.36,6.10183e+08,-1.25742,
2018-04-20,8877.15,8631.18,9047.82,8935.72,8935.72,8.29073e+08,0.660574,
2018-04-19,8301.82,8243.49,8945.14,8877.08,8877.08,9.79995e+08,6.92932,
2018-04-18,8189.92,8136.42,8321.01,8301.82,8301.82,6.02099e+08,1.36582,
2018-04-17,7921.65,7908.92,8246.57,8189.96,8189.96,5.93501e+08,3.38731,
2018-04-16,8079.77,7858.12,8187.6,7921.63,7921.63,5.80881e+08,-1.95724,
2018-04-15,8376.73,7929.24,8430.93,8079.77,8079.77,7.13472e+08,-3.54506,
2018-04-14,8022.51,8021.04,8437.03,8376.73,8376.73,5.70528e+08,4.41534,
2018-04-13,7898.74,7841.19,8195.34,8022.51,8022.51,5.37286e+08,1.5622,
2018-04-12,7927.73,7758.8,8237.16,7899.11,7899.11,1.17144e+09,-0.361013,
2018-04-11,6977.04,6791.33,8051.95,7927.73,7927.73,1.49076e+09,13.6245,
2018-04-10,6871.07,6839.16,6999.37,6977.13,6977.13,4.50141e+08,1.54357,
2018-04-09,6789.53,6676.72,6922.84,6871.07,6871.07,4.24511e+08,1.20097,
2018-04-08,7049.92,6633.69,7204.28,6789.53,6789.53,9.01884e+08,-3.69352,
2018-04-07,6917.2,6911.02,7132.03,7049.92,7049.92,4.25826e+08,1.91869,
2018-04-06,6634.86,6624.47,7083.85,6917.2,6917.2,5.64883e+08,4.25541,
2018-04-05,6790.45,6526.67,6869.53,6634.86,6634.86,6.05651e+08,-2.29131,
2018-04-04,6815.5,6602.38,6933.66,6790.45,6790.45,7.77145e+08,-0.367542,
2018-04-03,7434.3,6727.09,7442.42,6815.5,6815.5,8.772e+08,-8.32358,
2018-04-02,7074.65,7039.88,7528.97,7434.3,7434.3,9.05327e+08,5.08438,
2018-04-01,6835.58,6792.3,8218.66,7074.6,7074.6,7.48861e+08,3.49277,
2018-03-31,6943.77,6463.54,7056.22,6835.84,6835.84,8.89888e+08,-1.55435,
2018-03-30,6853.75,6806.34,7228.4,6943.77,6943.77,9.15401e+08,1.3133,
2018-03-29,7106.62,6595.26,7280.27,6853.76,6853.76,1.58468e+09,-3.5581,
2018-03-28,7959.78,6927.11,7983.77,7106.62,7106.62,1.37918e+09,-10.7184,
2018-03-27,7808.42,7752.6,8117.79,7959.78,7959.78,6.57712e+08,1.93763,
2018-03-26,8152.18,7752.3,8226.24,7808.48,7808.48,9.30755e+08,-4.21629,
2018-03-25,8472.56,7869.27,8521.04,8152.2,8152.2,1.07904e+09,-4.63099,
2018-03-24,8935.51,8515.53,9036.23,8548.06,8548.06,8.27663e+08,-4.32847,
2018-03-23,8724.98,8307.58,8935.88,8934.8,8934.8,9.39997e+08,2.40481,
2018-03-22,8911.37,8500.88,9107,8724.98,8724.98,1.02329e+09,-2.09137,
2018-03-21,8920.53,8778.69,9184.51,8911.35,8911.35,9.91376e+08,-0.104928,
2018-03-20,8623.14,8339.8,9056.23,8920.71,8920.71,1.15046e+09,3.45083,
2018-03-19,8215.5,8129.66,8725.6,8623.14,8623.14,1.44781e+09,4.96311,
2018-03-18,7882.67,7318.46,8299.86,8215.4,8215.4,1.53552e+09,4.21072,
2018-03-17,8283.23,7765.41,8360.64,7883.45,7883.45,9.01939e+08,-4.82638,
2018-03-16,8267.95,7924.11,8616.63,8283.23,8283.23,1.08279e+09,0.17924,
2018-03-15,8216.22,7698.47,8432.12,8268.41,8268.41,1.51985e+09,0.617082,
2018-03-14,9160.12,7966.94,9360.66,8217.7,8217.7,1.38557e+09,-10.2883,
2018-03-13,9142.27,8856.65,9486.12,9160.12,9160.12,1.22856e+09,0.196559,
2018-03-12,9543.98,8796.52,9907.41,9142.15,9142.15,1.4354e+09,-4.21892,
2018-03-11,8797.27,8484.32,9735.64,9544.84,9544.84,1.37481e+09,8.49775,
2018-03-10,9252.76,8727.43,9518.62,8797.27,8797.27,1.08493e+09,-4.92275,
2018-03-09,9316.77,8393.45,9433.38,9252.76,9252.76,2.08162e+09,-0.686507,
2018-03-08,9928.56,9086.85,10119.2,9316.72,9316.72,1.49224e+09,-6.16242,
2018-03-07,10735.5,9470.73,10913.7,9928.56,9928.56,1.85887e+09,-7.51613,
2018-03-06,11440.3,10589.3,11441.7,10735.5,10735.5,1.21008e+09,-6.16464,
2018-03-05,11503.9,11431.5,11694.2,11440.7,11440.7,7.91472e+08,-0.553609,
2018-03-04,11465.4,11084,11539.8,11504.4,11504.4,6.90727e+08,0.340675,
2018-03-03,11043.1,11043.1,11530.7,11465.4,11465.4,8.122e+08,3.82356,
2018-03-02,10929.4,10801.5,11191.9,11043.1,11043.1,8.52908e+08,
